gene_symbol,uniprot,source_category,morphology,anisotropy_index,radius_of_gyration,plddt_mean,n_residues,dise_score,plddt_median,plddt_fraction_high,plddt_fraction_ok,plddt_fraction_low,disorder_fraction_proxy,backbone_principal_axis,curvature_summary,torsion_summary,end_to_end_distance,bending_hotspots,hinge_candidates,exposed_surface_proxy,charged_patch_score,low_confidence_warning,multi_domain_uncertain,likely_IDR_heavy,predicted_domain_segments,PAE_mean,PAE_domain_blockiness_score
PIEZO2,Q9H5I5,"Mechanotransduction,Proprioception",Fibrous/Extended,4.441176983762356,43.40791862714556,79.4436389280677,709,95,88.38,0.41748942172073344,0.36812411847672777,0.2143864598025388,0.1368124118476728,"[-0.687, -0.068, 0.724]",0.3293254003639894,1.4284592527058404,28.406129021744583,460:0.38; 239:0.38; 138:0.38,0,0.5627644569816643,0.24521072796934865,False,True,False,7,16.987465211535746,2.7999858836300677
LBX1,P52954,"Somite,Muscle,Proprioception",Intermediate,2.2664106664642834,22.694646921843983,66.86779359430605,281,95,60.25,0.2313167259786477,0.15658362989323843,0.6120996441281139,0.26334519572953735,"[-0.222, -0.149, 0.964]",0.3434979169995809,1.1726210428916588,51.85587921345082,83:0.39; 37:0.39; 34:0.38,0,0.9323843416370107,0.35555555555555557,True,True,False,3,25.08210382340649,7.354659843586591
IFT88,Q13099,"Cilia,Mechanotransduction",Intermediate,2.8032400603850034,38.287627926060686,76.34603155339805,824,92,89.28,0.46601941747572817,0.2487864077669903,0.28519417475728154,0.22936893203883496,"[-0.626, -0.157, 0.764]",0.35773185387459866,1.1213538792955453,92.38505344480784,315:0.38; 643:0.38; 426:0.38,1,0.5109223300970874,0.43915343915343913,False,True,False,3,19.419907331039685,2.428935662597941
PIEZO1,Q92508,"Mechanotransduction,Growth_Plate,Ion_Channel",Fibrous/Extended,3.896259474160542,58.854216254576635,72.0459182863943,2521,92,79.19,0.11939706465688218,0.5537485124950416,0.32685442284807614,0.1701705672352241,"[-0.270, -0.320, 0.908]",0.3413845615077925,1.181661841789843,29.952230718262037,458:0.44; 625:0.42; 513:0.41,3,0.45735819119397064,0.26963906581740976,False,True,False,35,22.743295862553047,5.738877788747343
YAP1,P46937,"Mechanotransduction,Hippo,Growth_Plate",Intermediate,1.9895190619317915,23.554690762101806,57.402023809523804,504,90,51.56,0.015873015873015872,0.24603174603174602,0.7380952380952381,0.44841269841269843,"[-0.676, 0.732, 0.082]",0.3205951769314977,1.6284674711436933,11.43404797086316,182:0.38; 241:0.38; 257:0.38,2,0.9285714285714286,0.29591836734693877,True,True,True,5,27.50207073570169,9.255118278429228
POC5,Q8NA72,"Cilia,Centriole",Fibrous/Extended,24.686435126462467,87.28345622547697,63.974834782608696,575,90,50.91,0.33217391304347826,0.06086956521739131,0.6069565217391304,0.4852173913043478,"[-0.657, -0.161, 0.737]",0.3644277300927849,0.8484445349929983,307.38179154107354,156:0.38; 247:0.38; 192:0.37,5,1.0,0.36283185840707965,True,True,True,2,25.648027221172022,3.5081121930422157
ITGB1,P05556,"Mechanotransduction,Adhesion",Fibrous/Extended,3.23018892296316,45.82908790008346,85.86938596491228,798,90,89.845,0.4924812030075188,0.39974937343358397,0.10776942355889724,0.03258145363408521,"[-0.504, -0.483, 0.716]",0.30539357388683325,1.7251223141739866,94.87912675609951,193:0.39; 474:0.38; 521:0.38,10,0.34210526315789475,0.3520408163265306,False,True,False,10,18.238680975622014,4.896572067396104
FLNB,O75369,"Cytoskeleton,Segmentation",Intermediate,2.2470294124585375,55.86969726636565,76.25759415833974,2602,88,79.03,0.06072252113758647,0.6971560338201384,0.24212144504227517,0.039584934665641815,"[0.559, 0.744, -0.367]",0.2771032694931385,2.1334658946635825,35.908626094575105,1505:0.44; 2595:0.43; 1409:0.42,158,0.27901614142966946,0.4123456790123457,False,True,False,65,26.9621883716245,8.929707272490184
UTS2R,Q9UKP6,"Cilia,Signaling,Fluid_Flow",Intermediate,2.0464166784891273,20.071323506807065,76.23033419023136,389,88,87.44,0.42159383033419023,0.2750642673521851,0.3033419023136247,0.23136246786632392,"[-0.730, -0.143, 0.669]",0.35148605305198544,1.0070676181616607,27.65845552448654,44:0.39; 211:0.38; 84:0.38,0,0.5167095115681234,0.27472527472527475,False,False,False,4,16.008868564178137,1.3544966634448132
MESP2,Q0VG99,"Segmentation,Somite",Fibrous/Extended,4.029817350768749,17.029448598780608,54.17438287153653,397,88,46.72,0.11586901763224182,0.0654911838790932,0.818639798488665,0.5843828715365239,"[-0.526, -0.048, 0.849]",0.3514623000918982,1.183040545751002,42.6401045730425,142:0.38; 85:0.38; 109:0.38,1,0.9722921914357683,0.36065573770491804,True,False,True,1,26.883420363050334,0.0
WWTR1,Q9GZV5,"Mechanotransduction,Hippo",Intermediate,2.392201500458685,23.99142800102051,59.14265,400,88,49.675,0.1075,0.1975,0.695,0.515,"[0.265, 0.922, 0.281]",0.32631230934502087,1.4714116961025088,52.04705481581066,135:0.39; 42:0.38; 49:0.38,0,0.9725,0.2882882882882883,True,True,True,4,27.06739375,5.854519175573032
ADGRG6,Q86SQ4,"Mechanotransduction,Adhesion",Fibrous/Extended,3.0601126170353674,51.32935132702344,73.72809172809173,1221,88,81.0,0.1638001638001638,0.5356265356265356,0.30057330057330056,0.15315315315315314,"[-0.749, -0.252, 0.613]",0.307858124541348,1.632908270244515,50.85010789565741,57:0.43; 530:0.39; 247:0.39,12,0.438984438984439,0.2544642857142857,False,True,False,23,24.42875061793981,6.778548436294672
ACAN,P16112,"ECM,Cartilage",Intermediate,2.663035881007823,35.29114087301315,51.890964426877474,2530,88,45.14,0.15256916996047432,0.12134387351778655,0.7260869565217392,0.541897233201581,"[-0.681, 0.452, 0.577]",0.28827378589249636,1.9090253743185122,24.401263942673133,2343:0.42; 2405:0.42; 109:0.41,26,0.5620553359683794,0.40939597315436244,True,True,True,10,26.25627802340296,5.0106539746354315
KIF3A,Q9Y496,"Cilia,Motor_Protein",Intermediate,2.9036334743310475,31.571070407355446,75.44905579399142,699,88,83.06,0.2088698140200286,0.5178826895565093,0.2732474964234621,0.15450643776824036,"[-0.608, -0.163, 0.777]",0.32799376105113365,1.460526527195215,40.57410406897483,359:0.38; 43:0.38; 88:0.38,4,0.5379113018597997,0.507537688442211,False,True,False,12,19.996457231974556,4.438817223000358
TBX6,O95947,"Segmentation,Somite",Intermediate,1.877017508570518,18.56070000027372,64.63497706422018,436,85,53.480000000000004,0.3646788990825688,0.05963302752293578,0.5756880733944955,0.4610091743119266,"[-0.554, -0.391, 0.735]",0.29477453775901796,1.9203450634476107,12.005248602173967,121:0.41; 178:0.38; 181:0.38,19,0.6811926605504587,0.42105263157894735,True,False,True,2,22.774724349802206,1.2003012617126998
FGFR1,P11362,"Signaling,Growth_Plate,Development",Intermediate,2.2706772940937165,36.55102834118598,73.84475669099757,822,85,84.94,0.33454987834549876,0.36253041362530414,0.3029197080291971,0.23357664233576642,"[-0.427, -0.637, 0.642]",0.30340478257274,1.8263980466090914,38.12562269655409,261:0.41; 183:0.40; 499:0.39,9,0.5072992700729927,0.34673366834170855,False,True,False,13,23.74871093588127,7.292121818900079
CDH2,P19022,"Adhesion,Mechanotransduction",Fibrous/Extended,6.109100495112509,67.34253259448406,79.44973509933774,906,85,90.38,0.5110375275938189,0.24061810154525387,0.24834437086092714,0.17328918322295805,"[-0.722, -0.139, 0.678]",0.2870607790072155,2.020067375057214,177.20944477369147,205:0.44; 176:0.43; 315:0.43,22,0.4977924944812362,0.2565217391304348,False,True,False,8,22.48284431969358,6.351144354210401
DLL3,Q9NYJ7,"Segmentation,Notch",Intermediate,1.7189972517793801,35.12831906611311,65.19648867313916,618,85,72.97,0.05663430420711974,0.48381877022653724,0.459546925566343,0.2750809061488673,"[-0.885, -0.394, 0.248]",0.2816718806822142,1.9920888733561433,46.1396839499362,180:0.42; 26:0.39; 349:0.38,49,0.5469255663430421,0.2235294117647059,True,True,False,12,25.890907615127617,6.350194871352298
PKD2,Q13563,"Cilia,Ion_Channel",Intermediate,2.7031842099875254,36.6971497903285,70.12488636363636,968,85,78.215,0.37293388429752067,0.20867768595041322,0.41838842975206614,0.28512396694214875,"[-0.531, 0.110, 0.840]",0.33393241895984765,1.287655262647321,20.436907936378244,349:0.39; 309:0.39; 374:0.38,1,0.6828512396694215,0.31521739130434784,False,True,False,4,21.673827991598934,3.026474704294948
PTK2,Q05397,"Mechanotransduction,Adhesion",Intermediate,2.194579591723702,33.68735109159071,74.5020247148289,1052,85,88.56,0.4600760456273764,0.20247148288973385,0.33745247148288976,0.25475285171102663,"[-0.582, -0.247, 0.775]",0.32569442731187437,1.4290589832728284,37.05651319268989,493:0.42; 993:0.38; 188:0.38,0,0.5038022813688213,0.39303482587064675,False,True,False,9,21.80099647240816,5.856937091933715
HES7,Q9BYE0,"Segmentation,Notch,Somite",Intermediate,2.2479259814695474,26.056631496642993,73.28382222222221,225,85,72.31,0.37333333333333335,0.16444444444444445,0.4622222222222222,0.18666666666666668,"[0.047, -0.369, -0.928]",0.35036937002861607,1.0772076752812685,46.52960095466111,122:0.38; 46:0.37; 43:0.37,0,0.9377777777777778,0.32710280373831774,False,True,False,2,22.8848,4.970656751703688
VANGL2,Q9ULK5,"PCP,Cilia",Intermediate,2.782677282048681,32.6527033185364,73.30032629558542,521,85,81.81,0.2591170825335892,0.36084452975047987,0.3800383877159309,0.1765834932821497,"[-0.672, -0.080, 0.736]",0.33584928625076105,1.315549758364219,40.38733500740052,270:0.38; 231:0.38; 433:0.38,2,0.6391554702495201,0.29577464788732394,False,True,False,5,18.530546232883022,2.423692285076718
SOX9,P48436,"Growth_Plate,Transcription_Factor",Intermediate,2.1883578623217645,16.63470226248062,55.97495088408645,509,85,50.22,0.10609037328094302,0.05304518664047151,0.8408644400785854,0.4911591355599214,"[0.626, -0.097, -0.774]",0.34062133927682176,1.2877596598743184,20.672846925375325,134:0.38; 147:0.38; 116:0.37,2,0.9233791748526523,0.5208333333333334,True,False,True,1,27.356116426908958,0.0
PTK7,Q13308,"PCP,Wnt_Signaling",Fibrous/Extended,7.448208228131817,62.94462883984973,82.69006542056074,1070,85,89.62,0.4785046728971963,0.3794392523364486,0.14205607476635515,0.09439252336448598,"[-0.582, 0.048, 0.812]",0.28427132826633744,1.954717856889102,72.38574634553407,155:0.42; 869:0.42; 618:0.41,20,0.385981308411215,0.34317343173431736,False,True,False,9,22.493674556729847,4.526271693601622
NOTCH1,P46531,"Segmentation,Signaling",Intermediate,2.0437196674242157,51.37116803618472,59.59925636007829,2555,85,65.25,0.028962818003913895,0.3193737769080235,0.6516634050880626,0.26575342465753427,"[-0.745, -0.169, 0.645]",0.3129616531074873,1.667201485528701,51.327363666956444,1093:0.40; 1971:0.40; 2026:0.39,31,0.42426614481409003,0.3482142857142857,True,True,False,12,27.20299723116869,7.555037060951849
VANGL1,Q8TAA9,"PCP,Cilia",Intermediate,2.44211219805693,33.747263732212154,75.59803435114505,524,85,86.03,0.3797709923664122,0.28053435114503816,0.33969465648854963,0.1736641221374046,"[-0.741, -0.207, 0.639]",0.3353200170652827,1.3300029224405725,40.0268345738206,446:0.38; 369:0.38; 379:0.38,1,0.6431297709923665,0.2795031055900621,False,True,False,5,18.24434764873842,2.1409966205957303
PTH1R,Q03431,"Growth_Plate,Signaling",Fibrous/Extended,3.1592934134816097,31.98308500212239,70.95028667790895,593,82,82.06,0.35413153456998314,0.23440134907251264,0.4114671163575042,0.2984822934232715,"[-0.665, -0.053, 0.745]",0.3425278257740531,1.1359510616557378,10.632395872991184,186:0.38; 33:0.38; 298:0.38,0,0.6441821247892074,0.3221476510067114,False,True,False,6,19.485941947794533,2.8720799169900895
SCRIB,C0HLS1,"PCP,Adhesion",Fibrous/Extended,8.572432969961941,8.446210701847308,51.57325,120,82,49.11,0.0,0.08333333333333333,0.9166666666666666,0.525,"[-0.051, -0.683, -0.729]",0.29280367007746133,1.798321054477211,25.98123796126736,4:0.31; 3:0.31; 5:0.30,36,1.0,0.2,True,False,True,1,25.265486111111112,0.0
TUBB,P07437,"Cytoskeleton,Mechanotransduction",Intermediate,1.5401400241004315,20.55399312308615,92.08238738738739,444,82,94.94,0.8378378378378378,0.11936936936936937,0.04279279279279279,0.015765765765765764,"[0.628, 0.633, -0.453]",0.32371315788384647,1.498581410699615,12.792676576854431,271:0.39; 61:0.39; 391:0.39,0,0.2747747747747748,0.44339622641509435,False,False,False,2,6.256036441847253,1.2643126346448736
TRPV4,Q9HBA0,"Mechanotransduction,Ion_Channel",Intermediate,2.93482798741015,35.40188546213825,71.60041331802526,871,82,83.19,0.22043628013777267,0.44661308840413316,0.33295063145809417,0.2537313432835821,"[-0.638, -0.113, 0.762]",0.33966948448846135,1.313469083449585,70.35270864010853,453:0.39; 179:0.38; 498:0.38,2,0.5510907003444316,0.2766990291262136,False,True,False,8,18.68019392571717,2.4202160588549377
CELSR1,Q9NYQ6,"PCP,Adhesion",Intermediate,2.719363253893075,63.749487240680985,74.78685755189693,1397,82,86.25,0.24266284896206156,0.5025053686471009,0.25483178239083754,0.18539727988546886,"[-0.851, -0.392, 0.350]",0.2702087569835474,2.1025020938244174,162.43961540523298,541:0.42; 664:0.41; 1079:0.39,36,0.4359341445955619,0.29411764705882354,False,True,False,16,24.69388847868605,5.020965106484817
COL11A1,P12107,"ECM,Growth_Plate",Intermediate,2.7176458911672023,27.124392369757594,51.68201550387597,1806,82,40.765,0.17995570321151716,0.06090808416389812,0.7591362126245847,0.7026578073089701,"[-0.795, -0.544, 0.269]",0.2942953327724691,1.911608980807866,44.90349460788102,1606:0.39; 145:0.39; 61:0.38,24,0.805094130675526,0.39603960396039606,True,True,True,3,27.047970405036,5.154558448364185
ACTB,P60709,"Cytoskeleton,Mechanotransduction",Intermediate,2.1910264224799034,21.088542294501107,95.20421333333334,375,82,97.44,0.928,0.04533333333333334,0.02666666666666667,0.005333333333333333,"[0.835, 0.517, -0.187]",0.31776867529860753,1.5511733882978418,42.73516610474329,335:0.39; 265:0.39; 258:0.38,1,0.296,0.33663366336633666,False,False,False,2,5.0262257777777775,1.2561666475546063
SHH,Q15465,"Development,Notochord",Intermediate,2.116660533503487,24.497469993608597,78.37738095238096,462,80,89.47,0.47186147186147187,0.2683982683982684,0.2597402597402597,0.1645021645021645,"[-0.774, -0.382, 0.505]",0.3028683833132519,1.8095871327119313,31.201328994131,48:0.40; 259:0.39; 174:0.39,6,0.44155844155844154,0.330188679245283,False,True,False,5,17.864343809149005,6.13003881393051
LFNG,Q8NES3,"Segmentation,Notch",Intermediate,1.794612192168379,21.043296808367646,82.20873350923483,379,80,95.06,0.6464379947229552,0.13192612137203166,0.22163588390501318,0.14775725593667546,"[0.189, -0.776, -0.601]",0.31630161968416337,1.5786270630390782,36.2941744361268,348:0.42; 313:0.39; 166:0.38,1,0.45382585751978893,0.34065934065934067,False,True,False,2,13.52854686336074,9.555936374060947
RUNX2,Q13950,"Bone,Mechanotransduction",Fibrous/Extended,3.0330340225291,22.278320458707466,58.62452975047985,521,80,46.53,0.22072936660268713,0.08253358925143954,0.6967370441458733,0.5547024952015355,"[-0.728, 0.680, 0.089]",0.29796871156549176,1.7996522655896876,36.18108252941031,116:0.38; 101:0.38; 206:0.38,22,0.817658349328215,0.22727272727272727,True,True,True,2,26.359197763049796,8.0365683669469
COMP,P49747,"ECM,Mechanotransduction",Intermediate,1.720096917775793,31.93788730796548,88.13581241743726,757,80,94.56,0.6684280052840158,0.23910171730515192,0.09247027741083223,0.06472919418758256,"[-0.961, 0.262, 0.091]",0.3014206342501906,1.8772557644244567,53.063173925049,625:0.43; 105:0.39; 432:0.38,6,0.29458388375165123,0.33548387096774196,False,True,False,6,15.638097265678851,5.210428741678683
PKD1L1,Q8TDX9,"Cilia,Ion_Channel",Intermediate,1.9906655822182469,47.812813871972956,58.446401088223865,2573,80,65.62,0.006995724834823164,0.422852701127089,0.5701515740380878,0.3637776914108045,"[-0.684, -0.117, 0.720]",0.28844183187350764,1.9360517262767674,19.54710638432195,2188:0.41; 2348:0.40; 2183:0.40,194,0.5068013991449669,0.2631578947368421,True,True,True,42,26.001819849134385,7.9707544431420265
WNT5A,P41221,"Signaling,PCP",Intermediate,1.6973521801035345,23.403332227131486,87.6632105263158,380,80,95.0,0.7578947368421053,0.09736842105263158,0.14473684210526316,0.08947368421052632,"[0.708, 0.309, -0.635]",0.318441733790077,1.5907849799481562,49.18988881873998,247:0.39; 332:0.38; 46:0.38,2,0.41578947368421054,0.3611111111111111,False,False,False,1,10.674563711911357,0.0
BMP4,P12644,"Signaling,Mechanotransduction",Intermediate,2.893668705796625,25.051444465990933,78.51105392156863,408,80,88.5,0.47058823529411764,0.25,0.27941176470588236,0.15196078431372548,"[-0.638, -0.236, 0.733]",0.2970918489435893,1.9011346290378848,16.365821274839828,343:0.39; 329:0.38; 352:0.38,12,0.4681372549019608,0.38202247191011235,False,True,False,6,13.38428128604383,1.5325173378888104
KIF6,Q6ZMV9,"Cilia,Motor_Protein",Intermediate,2.600954363186845,34.76316259369166,71.15292383292383,814,78,79.81,0.20024570024570024,0.44471744471744473,0.35503685503685506,0.21867321867321868,"[-0.846, -0.129, 0.517]",0.3322282518729817,1.4132821019969994,71.02219681902271,635:0.38; 60:0.38; 300:0.38,1,0.6253071253071253,0.4652173913043478,False,True,False,12,23.13232648552059,5.432387693390374
CAV1,Q03135,"Mechanotransduction,Membrane,Notochord",Fibrous/Extended,3.9833402402850857,33.40655754606663,78.36162921348316,178,78,79.315,0.2808988764044944,0.4438202247191011,0.2752808988764045,0.028089887640449437,"[-0.759, 0.216, 0.615]",0.3513352260492457,1.0577829481555627,77.86417956287731,60:0.38; 141:0.37; 111:0.37,0,0.9719101123595506,0.2440944881889764,False,True,False,2,18.705024618103774,2.061030028604089
MATN1,P21941,"ECM,Cartilage",Fibrous/Extended,3.5365296947887983,34.77686443665623,83.10508064516128,496,75,89.875,0.49798387096774194,0.3346774193548387,0.16733870967741934,0.0907258064516129,"[-0.811, -0.053, 0.583]",0.316421744513622,1.5999097013665347,7.179611688663951,425:0.43; 194:0.42; 320:0.39,5,0.3467741935483871,0.4074074074074074,False,True,False,3,20.142214327523412,8.809645551185692
WNT3A,P56704,"Signaling,Bone",Intermediate,1.7902568396793557,23.441035356123994,88.31732954545454,352,75,95.06,0.7585227272727273,0.12215909090909091,0.11931818181818182,0.08238636363636363,"[0.347, 0.386, -0.855]",0.313228264993039,1.6308130186235559,29.311541515246173,100:0.38; 301:0.38; 84:0.38,2,0.4005681818181818,0.3669724770642202,False,False,False,2,10.443916257747935,1.2062765851713595
GREM1,O60565,"Signaling,Growth_Plate",Fibrous/Extended,5.695273735042413,22.115815512773516,73.50940217391305,184,72,77.56,0.4076086956521739,0.16847826086956522,0.42391304347826086,0.25,"[-0.730, -0.008, 0.683]",0.2695108700720758,2.2478888675023696,15.371584758898477,162:0.40; 76:0.38; 79:0.37,24,0.7391304347826086,0.3793103448275862,False,True,False,3,19.476429584120982,2.3284787256046684
VIM,P08670,"Cytoskeleton,Mechanotransduction",Fibrous/Extended,7.46733563768968,65.67145397144604,77.08560085836909,466,72,89.81,0.4957081545064378,0.19957081545064378,0.30472103004291845,0.24034334763948498,"[-0.854, -0.033, 0.518]",0.3599778788343995,0.9360299358069067,208.29517280292407,404:0.38; 318:0.38; 337:0.37,1,1.0,0.38271604938271603,False,True,False,4,23.710664222954925,4.015173075740297
